GRP329-1.p,162,1027
GRP268-1.p,152,1266
GRP665-11.p,16,29
GRP166-4.p,10,55
GRP186-3.p,16,1024
GRP120-1.p,468,80
GRP474-1.p,180,24
GRP274-1.p,358,8841
GRP597-1.p,27,58
GRP126-4.005.p,0,2056
GRP052-1.p,393,186
GRP769-1.p,1080,1892
GRP066-1.p,34,26
GRP581-1.p,13,5
GRP502-1.p,146,40
GRP344-1.p,315,1184
GRP143-1.p,8,27
GRP124-8.005.p,0,2901
GRP262-1.p,252,2058
GRP188-2.p,8,30
GRP459-1.p,30,26
GRP494-1.p,24,7
GRP028-3.p,8,28
GRP470-1.p,248,46
GRP213-1.p,186,438
GRP123-1.003.p,33,54
GRP127-1.004.p,109,220
GRP325-1.p,221,2223
GRP410-1.p,34,848
GRP175-4.p,18,69
GRP231-1.p,414,1968
GRP162-1.p,7,27
GRP123-8.003.p,34,76
GRP124-4.005.p,0,1882
GRP453-1.p,75,108
GRP025-1.p,82,340
GRP144-1.p,8,14
GRP499-1.p,63,108
GRP519-1.p,37,14
GRP355-1.p,67,278
GRP123-9.003.p,34,90
GRP148-1.p,21,120
GRP193-1.p,25,75
GRP130-2.003.p,143,652
GRP314-1.p,203,3633
GRP201-1.p,134,561
GRP512-1.p,42,24
GRP577-1.p,19,9
GRP482-1.p,27,12
GRP063-1.p,68,43
GRP283-1.p,117,1226
GRP033-3.p,12,29
GRP010-4.p,12,13
GRP026-4.p,0,13426
GRP134-1.003.p,137,518
GRP004-2.p,18,134
GRP417-1.p,325,127
GRP082-1.p,348,92
GRP123-2.003.p,33,66
GRP443-1.p,110,114
GRP133-2.003.p,0,1663
GRP415-1.p,31,30
GRP321-1.p,370,3201
GRP002-2.p,133,200
GRP123-6.005.p,0,2630
GRP048-10.p,50,852
GRP457-1.p,6,1
GRP129-4.004.p,150,544
GRP729-1.p,59,126
GRP129-2.005.p,0,1066
GRP605-1.p,79,38
GRP126-1.004.p,114,570
GRP118-1.p,75,19
GRP594-1.p,148,18
GRP153-1.p,5,1
GRP610-1.p,97,17
GRP214-1.p,47,920
GRP361-1.p,331,446
GRP471-1.p,211,80
GRP449-1.p,36,33
GRP347-1.p,310,1232
GRP295-1.p,169,2527
GRP087-1.p,51,32
GRP377-1.p,182,822
GRP299-1.p,101,266
GRP599-1.p,109,63
GRP127-2.005.p,0,1794
GRP158-1.p,6,21
GRP171-2.p,15,90
GRP656-10.p,33,23
GRP181-4.p,40,1672
GRP488-1.p,79,20
GRP123-9.004.p,0,3710
GRP097-1.p,47,55
GRP333-1.p,212,704
GRP521-1.p,17,25
GRP671-1.p,9,39
GRP265-1.p,134,1160
GRP525-1.p,18,20
GRP294-1.p,333,2681
GRP717-1.p,0,1031
GRP613-1.p,47,44
GRP154-1.p,6,23
GRP272-1.p,262,2232
GRP554-1.p,17,12
GRP454-1.p,6,1
GRP461-1.p,19,7
GRP004-1.p,12,42
GRP660-13.p,156,238
GRP236-1.p,330,1156
GRP455-1.p,15,10
GRP115-1.p,71,16
GRP500-1.p,60,92
GRP128-1.004.p,0,1475
GRP124-3.004.p,93,828
GRP161-1.p,3,1
GRP481-1.p,13,6
GRP572-1.p,44,28
GRP562-1.p,11,10
GRP108-1.p,129,42
GRP582-1.p,61,21
GRP152-1.p,8,27
GRP140-1.p,21,114
GRP195-1.p,20,6
GRP062-1.p,281,147
GRP216-1.p,273,1166
GRP039-7.p,38,48
GRP710-11.p,36,76
GRP328-1.p,340,1304
GRP510-1.p,34,19
GRP448-1.p,16,40
GRP215-1.p,308,1038
GRP486-1.p,59,111
GRP440-1.p,127,126
GRP608-1.p,42,19
GRP186-4.p,12,239
GRP310-1.p,312,923
GRP155-1.p,6,25
GRP600-1.p,42,22
GRP524-1.p,22,32
GRP125-4.003.p,29,56
GRP362-1.p,224,1266
GRP596-1.p,57,20
GRP255-1.p,307,10453
GRP241-1.p,360,986
GRP222-1.p,104,790
GRP336-1.p,134,6128
GRP013-1.p,17,22
GRP365-1.p,229,3530
GRP302-1.p,127,898
GRP315-1.p,265,1060
GRP484-1.p,14,6
GRP124-9.004.p,74,468
GRP175-1.p,12,69
GRP751-1.p,213,1304
GRP005-1.p,8,10
GRP731-1.p,92,298
GRP131-2.002.p,44,326
GRP105-1.p,283,188
GRP080-1.p,91,27
GRP402-1.p,41,256
GRP059-1.p,73,94
GRP595-1.p,39,14
GRP169-2.p,23,80
GRP504-1.p,247,59
GRP047-2.p,26,150
GRP381-1.p,325,1132
GRP544-1.p,30,26
GRP684-1.p,113,118
GRP132-1.002.p,68,114
GRP073-1.p,226,47
GRP072-1.p,197,34
GRP615-1.p,109,67
GRP001-5.p,18,35
GRP478-1.p,21,34
GRP708-1.p,25,65
GRP571-1.p,121,87
GRP042-2.p,10,16
GRP079-1.p,74,55
GRP017-1.p,13,56
GRP039-1.p,55,258
GRP687-1.p,55,322
GRP536-1.p,16,26
GRP190-1.p,36,406
GRP516-1.p,22,18
GRP442-1.p,59,124
GRP123-7.003.p,34,90
GRP529-1.p,21,17
GRP028-4.p,8,12
GRP125-2.005.p,0,2770
GRP060-1.p,353,130
GRP126-3.004.p,114,920
GRP576-1.p,39,21
GRP376-1.p,234,1120
GRP021-1.p,8,20
GRP423-1.p,382,91
GRP391-1.p,361,1339
GRP589-1.p,12,14
GRP359-1.p,499,7542
GRP409-1.p,12,22
GRP514-1.p,22,17
GRP445-1.p,16,40
GRP124-6.004.p,74,468
GRP304-1.p,283,1264
GRP704-10.p,11,25
GRP175-2.p,13,77
GRP133-1.004.p,0,1477
GRP249-1.p,197,3620
GRP132-1.005.p,0,458
GRP682-10.p,13,48
GRP281-1.p,167,2625
GRP127-3.004.p,89,538
GRP665-10.p,10,27
GRP585-1.p,27,46
GRP133-2.004.p,0,1304
GRP276-1.p,156,1168
GRP125-3.005.p,0,1556
GRP491-1.p,23,18
GRP337-1.p,81,718
GRP547-1.p,26,11
GRP538-1.p,18,15
GRP306-1.p,326,1572
GRP683-10.p,32,106
GRP128-3.005.p,0,1338
GRP498-1.p,79,27
GRP206-1.p,9,26
GRP349-1.p,150,5596
GRP135-1.005.p,0,710
GRP028-2.p,15,30
GRP433-1.p,49,41
GRP123-6.003.p,34,90
GRP169-1.p,27,82
GRP128-4.004.p,0,2155
GRP128-2.004.p,0,1571
GRP552-1.p,17,23
GRP123-2.005.p,0,2130
GRP755-1.p,123,1316
GRP190-2.p,28,404
GRP513-1.p,24,17
GRP182-4.p,5,1
GRP286-1.p,257,12780
GRP002-4.p,71,52
GRP288-1.p,284,11199
GRP558-1.p,13,12
GRP322-1.p,312,6180
GRP129-3.005.p,0,1756
GRP147-1.p,22,218
GRP142-1.p,5,8
GRP078-1.p,69,39
GRP123-3.003.p,44,134
GRP469-1.p,408,48
GRP473-1.p,189,30
GRP543-1.p,43,24
GRP584-1.p,99,40
GRP127-3.005.p,0,1915
GRP590-1.p,148,38
GRP126-3.005.p,0,2542
GRP563-1.p,68,158
GRP089-1.p,65,132
GRP043-2.p,15,64
GRP002-10.p,273,1178
GRP176-2.p,6,27
GRP614-1.p,29,42
GRP125-1.004.p,0,1747
GRP008-1.p,15,18
GRP023-2.p,5,5
GRP353-1.p,113,268
GRP569-1.p,20,7
GRP036-3.p,14,20
GRP334-1.p,182,291
GRP366-1.p,349,7295
GRP130-3.003.p,0,2284
GRP116-1.p,74,18
GRP064-1.p,63,45
GRP327-1.p,130,679
GRP001-2.p,16,19
GRP123-4.003.p,30,36
GRP686-1.p,79,324
GRP168-2.p,8,25
GRP051-1.p,3078,907
GRP702-10.p,11,11
GRP468-1.p,57,55
GRP476-1.p,222,41
GRP472-1.p,199,34
GRP039-3.p,53,186
GRP139-1.p,10,17
GRP730-1.p,59,112
GRP173-1.p,13,57
GRP551-1.p,31,31
GRP039-4.p,55,246
GRP166-2.p,21,174
GRP309-1.p,172,460
GRP135-2.005.p,0,1577
GRP125-3.004.p,0,2075
GRP701-1.p,695,494
GRP172-2.p,27,130
GRP261-1.p,135,1690
GRP452-1.p,40,37
GRP070-1.p,59,55
GRP132-2.002.p,50,406
GRP431-1.p,227,47
GRP462-1.p,39,36
GRP130-3.004.p,0,1655
GRP665-12.p,10,23
GRP137-1.p,5,1
GRP770-1.p,1066,952
GRP580-1.p,35,13
GRP550-1.p,15,10
GRP117-1.p,70,14
GRP297-1.p,98,256
GRP026-2.p,0,14553
GRP767-1.p,70,728
GRP413-1.p,196,346
GRP432-1.p,222,47
GRP138-1.p,22,218
GRP303-1.p,207,2348
GRP135-1.002.p,51,86
GRP146-1.p,10,19
GRP019-1.p,8,14
GRP539-1.p,71,153
GRP157-1.p,6,19
GRP437-1.p,291,120
GRP134-1.005.p,0,616
GRP056-1.p,398,67
GRP054-1.p,384,375
GRP320-1.p,371,3189
GRP071-1.p,320,48
GRP568-1.p,38,28
GRP438-1.p,295,111
GRP305-1.p,301,1072
GRP130-1.003.p,0,942
GRP601-1.p,111,39
GRP546-1.p,12,8
GRP612-1.p,58,17
GRP583-1.p,129,750
GRP131-2.005.p,0,912
GRP517-1.p,45,34
GRP422-1.p,91,316
GRP009-1.p,18,72
GRP176-1.p,6,25
GRP217-1.p,276,6797
GRP022-1.p,13,28
GRP434-1.p,46,40
GRP496-1.p,10,4
GRP679-1.p,17,48
GRP435-1.p,63,96
GRP766-1.p,127,493
GRP124-1.005.p,0,1993
GRP570-1.p,28,14
GRP020-1.p,8,18
GRP124-1.004.p,79,406
GRP515-1.p,40,33
GRP436-1.p,176,132
GRP065-1.p,81,49
GRP123-7.005.p,0,2246
GRP159-1.p,12,19
GRP096-1.p,36,14
GRP659-10.p,61,84
GRP171-1.p,36,148
GRP451-1.p,13,14
GRP039-5.p,38,44
GRP124-7.004.p,74,468
GRP588-1.p,31,20
GRP358-1.p,253,1203
GRP485-1.p,30,20
GRP383-1.p,378,1741
GRP212-1.p,150,1220
GRP127-2.006.p,0,1606
GRP007-1.p,7,12
GRP602-1.p,105,20
GRP667-10.p,159,4556
GRP040-4.p,47,184
GRP660-14.p,196,240
GRP553-1.p,32,14
GRP181-3.p,29,1822
GRP191-1.p,27,362
GRP573-1.p,14,8
GRP709-1.p,15,29
GRP125-1.003.p,30,50
GRP475-1.p,29,30
GRP234-1.p,311,1397
GRP126-2.004.p,109,656
GRP124-8.004.p,74,540
GRP586-1.p,32,20
GRP545-1.p,7,1
GRP419-1.p,164,507
GRP477-1.p,248,49
GRP033-4.p,12,13
GRP101-1.p,113,93
GRP149-1.p,16,22
GRP456-1.p,30,26
GRP703-12.p,10,23
GRP014-1.p,515,127
GRP134-2.005.p,0,1366
GRP560-1.p,29,44
GRP532-1.p,27,24
GRP232-1.p,372,1793
GRP578-1.p,35,13
GRP168-1.p,8,25
GRP191-2.p,25,362
GRP411-1.p,3518,904
GRP124-6.005.p,0,2372
GRP319-1.p,417,5526
GRP660-11.p,157,238
GRP075-1.p,128,158
GRP501-1.p,237,107
GRP122-1.p,530,100
GRP683-11.p,73,74
GRP557-1.p,27,15
GRP119-1.p,192,79
GRP535-1.p,78,148
GRP091-1.p,104,144
GRP109-1.p,119,180
GRP050-1.p,0,67
GRP439-1.p,37,104
GRP111-1.p,151,384
GRP750-1.p,17,242
GRP067-1.p,34,26
GRP278-1.p,221,1093
GRP002-3.p,68,52
GRP035-3.p,37,172
GRP160-1.p,3,1
GRP352-1.p,228,11186
GRP032-3.p,8,12
GRP233-1.p,313,926
GRP275-1.p,194,974
GRP348-1.p,318,859
GRP375-1.p,202,868
GRP034-3.p,12,19
GRP511-1.p,57,29
GRP566-1.p,27,16
GRP282-1.p,319,1998
GRP534-1.p,19,15
GRP704-12.p,11,25
GRP406-1.p,21,64
GRP166-3.p,10,51
GRP012-3.p,25,444
GRP658-10.p,33,30
GRP467-1.p,29,52
GRP141-1.p,16,24
GRP487-1.p,53,14
GRP124-7.005.p,0,2689
GRP367-1.p,332,1650
GRP030-1.p,24,52
GRP611-1.p,35,15
GRP385-1.p,266,1376
GRP131-1.005.p,0,1127
GRP076-1.p,71,95
GRP700-10.p,55,86
GRP061-1.p,146,162
GRP053-1.p,328,106
GRP450-1.p,52,67
GRP044-2.p,12,50
GRP253-1.p,74,234
GRP090-1.p,55,94
GRP165-1.p,10,47
GRP077-1.p,133,105
GRP123-8.004.p,0,3684
GRP541-1.p,7,1
GRP368-1.p,353,890
GRP324-1.p,158,1372
GRP029-2.p,23,240
GRP364-1.p,289,2095
GRP006-1.p,12,13
GRP126-1.005.p,0,1727
GRP317-1.p,154,1094
GRP182-1.p,5,1
GRP660-12.p,197,240
GRP463-1.p,6,1
GRP083-1.p,258,40
GRP128-2.006.p,0,1409
GRP444-1.p,266,154
GRP003-1.p,12,40
GRP069-1.p,43,38
GRP088-1.p,78,190
GRP374-1.p,93,534
GRP530-1.p,19,17
GRP074-1.p,80,58
GRP420-1.p,206,369
GRP559-1.p,32,57
GRP446-1.p,36,33
GRP458-1.p,15,10
GRP768-1.p,317,317
GRP134-2.003.p,225,1080
GRP351-1.p,294,11114
GRP425-1.p,290,64
GRP777-10.p,111,1600
GRP057-1.p,558,103
GRP235-1.p,469,2159
GRP058-1.p,254,66
GRP533-1.p,8,5
GRP012-1.p,14,86
GRP492-1.p,75,35
GRP107-1.p,118,63
GRP388-1.p,199,852
GRP128-3.004.p,0,1856
GRP363-1.p,126,329
GRP728-1.p,92,294
GRP098-1.p,76,150
GRP465-1.p,39,36
GRP129-1.005.p,0,1180
GRP001-1.p,19,76
GRP298-1.p,105,548
GRP165-2.p,10,51
GRP343-1.p,414,15601
GRP130-4.003.p,51,166
GRP011-4.p,17,19
GRP575-1.p,196,81
GRP104-1.p,53,48
GRP267-1.p,160,1080
GRP574-1.p,22,20
GRP429-1.p,515,127
GRP110-1.p,156,50
GRP372-1.p,93,528
GRP210-1.p,173,4567
GRP031-1.p,24,58
GRP702-11.p,11,11
GRP188-1.p,8,27
GRP092-1.p,77,154
GRP660-10.p,158,238
GRP124-3.005.p,0,1490
GRP704-11.p,11,25
GRP130-4.004.p,0,1849
GRP124-2.004.p,95,286
GRP591-1.p,275,186
GRP175-3.p,15,77
GRP102-1.p,106,103
GRP561-1.p,15,14
GRP748-3.p,29,318
GRP150-1.p,6,27
GRP528-1.p,17,24
GRP001-4.p,16,15
GRP616-1.p,42,22
GRP189-2.p,5,1
GRP277-1.p,127,284
GRP412-1.p,20,34
GRP086-1.p,45,35
GRP211-1.p,232,946
GRP397-1.p,0,5295
GRP311-1.p,392,3308
GRP441-1.p,133,164
GRP296-1.p,199,3122
GRP192-1.p,41,32
GRP393-2.p,0,1
GRP460-1.p,6,1
GRP259-1.p,255,5154
GRP038-3.p,9,15
GRP772-1.p,64,1126
GRP200-1.p,166,946
GRP040-3.p,64,266
GRP018-1.p,8,16
GRP426-1.p,337,65
GRP293-1.p,249,3171
GRP464-1.p,19,7
GRP229-1.p,328,1156
GRP680-1.p,17,108
GRP106-1.p,188,48
GRP682-11.p,105,228
GRP555-1.p,33,14
GRP223-1.p,248,1106
GRP335-1.p,313,3258
GRP290-1.p,243,10230
GRP129-1.003.p,265,990
GRP124-4.004.p,57,110
GRP316-1.p,521,10984
GRP685-10.p,171,180
GRP128-1.003.p,105,464
GRP427-1.p,304,114
GRP093-1.p,60,24
GRP166-1.p,32,684
GRP707-1.p,232,256
GRP537-1.p,8,5
GRP308-1.p,294,1414
GRP039-6.p,53,580
GRP522-1.p,20,25
GRP230-1.p,111,956
GRP387-1.p,274,1668
GRP542-1.p,22,12
GRP497-1.p,46,23
GRP509-1.p,50,24
GRP174-1.p,16,59
GRP182-2.p,5,1
GRP587-1.p,254,304
GRP715-10.p,32,222
GRP055-1.p,384,68
GRP023-1.p,7,10
GRP702-12.p,11,11
GRP346-1.p,423,2096
GRP418-1.p,15,64
GRP424-1.p,13,22
GRP129-2.004.p,0,1465
GRP003-2.p,19,138
GRP189-1.p,5,1
GRP447-1.p,57,90
GRP326-1.p,341,662
GRP151-1.p,3,1
GRP045-2.p,26,308
GRP756-1.p,36,43
GRP039-2.p,38,48
GRP332-1.p,207,2467
GRP360-1.p,282,3895
GRP094-1.p,46,119
GRP193-2.p,22,31
GRP752-1.p,118,1026
GRP565-1.p,18,8
GRP341-1.p,342,1699
GRP479-1.p,80,35
GRP301-1.p,439,2023
GRP548-1.p,20,36
GRP526-1.p,26,20
GRP121-1.p,649,82
GRP323-1.p,317,3626
GRP466-1.p,8,6
GRP754-1.p,32,176
GRP531-1.p,41,92
GRP698-1.p,93,446
GRP421-1.p,14,46
GRP699-1.p,14,50
GRP124-2.005.p,0,2359
GRP703-11.p,10,23
GRP085-1.p,103,72
GRP604-1.p,75,22
GRP669-1.p,19,227
GRP012-2.p,26,104
GRP523-1.p,35,120
GRP131-1.002.p,38,82
GRP342-1.p,263,2365
GRP607-1.p,105,73
GRP163-1.p,8,27
GRP549-1.p,7,1
GRP598-1.p,19,18
GRP132-2.005.p,0,954
GRP034-4.p,12,13
GRP489-1.p,128,105
GRP430-1.p,195,66
GRP010-1.p,14,36
GRP705-1.p,525,244
GRP292-1.p,59,131
GRP593-1.p,171,42
GRP280-1.p,247,2974
GRP068-1.p,43,38
GRP483-1.p,109,125
GRP123-3.004.p,0,1852
GRP703-10.p,10,23
GRP226-1.p,212,830
GRP182-3.p,5,1
GRP403-1.p,19,52
GRP398-3.p,0,831
GRP490-1.p,17,7
GRP203-1.p,112,444
GRP100-1.p,129,87
GRP527-1.p,34,126
GRP428-1.p,416,102
GRP127-4.004.p,109,356
GRP046-2.p,19,56
GRP028-1.p,8,10
GRP685-11.p,37,24
GRP126-4.004.p,90,356
GRP345-1.p,393,1217
GRP103-1.p,138,750
GRP095-1.p,41,33
GRP133-1.003.p,172,850
GRP556-1.p,20,36
GRP657-10.p,21,24
GRP592-1.p,56,28
GRP031-2.p,12,48
GRP127-1.005.p,0,2816
GRP540-1.p,15,32
GRP579-1.p,98,103
GRP041-2.p,6,10
GRP135-2.002.p,51,138
GRP049-1.p,697,372
GRP124-9.005.p,0,2392
GRP128-4.003.p,66,272
GRP518-1.p,39,18
GRP606-1.p,60,25
GRP480-1.p,63,35
GRP710-10.p,27,34
GRP237-1.p,303,1312
GRP401-1.p,132,978
GRP603-1.p,107,22
GRP029-1.p,24,52
GRP520-1.p,25,14
GRP270-1.p,226,2278
GRP493-1.p,16,7
GRP416-1.p,686,147
GRP414-1.p,391,230
GRP609-1.p,141,46
GRP123-1.005.p,0,2021
GRP156-1.p,8,25
GRP048-2.p,57,2384
GRP136-1.p,5,1
GRP172-1.p,20,90
GRP287-1.p,0,17845
GRP715-11.p,58,228
GRP495-1.p,69,55
GRP503-1.p,198,40
GRP564-1.p,22,38
GRP167-5.p,28,178
GRP022-2.p,11,10
GRP369-1.p,170,3308
GRP037-3.p,19,48
GRP012-4.p,14,20
GRP145-1.p,6,15
SET303-6.p,0,7121
SET187-6.p,39,656
SET029-3.p,0,38538
SET365-6.p,0,6055
SET051-6.p,16,88
SET136-6.p,0,16141
SET464-6.p,0,6090
SET092-6.p,0,16115
SET128-6.p,76,1440
SET860-2.p,0,5057
SET059-7.p,10,41
SET835-2.p,7,6
SET018-4.p,0,33841
SET505-6.p,72,1900
SET040-3.p,0,40425
SET837-2.p,72,1114
SET211-6.p,0,6882
SET099-7.p,36,885
SET497-6.p,0,6254
SET101-7.p,9,109
SET418-6.p,0,7142
SET822-1.p,10,778
SET074-6.p,15,152
SET828-2.p,7,6
SET247-6.p,41,1967
SET293-6.p,0,6867
SET157-6.p,67,2099
SET476-6.p,0,6778
SET368-6.p,0,5988
SET079-7.p,9,37
SET279-6.p,0,5868
SET836-2.p,7,6
SET223-6.p,0,6835
SET069-7.p,0,6824
SET781-3.p,0,16075
SET865-2.p,17,17
SET242-6.p,9,61
SET022-4.p,0,33317
SET162-6.p,67,1958
SET543-6.p,0,6052
SET014-3.p,0,34435
SET104-7.p,17,79
SET853-2.p,40,72
SET348-6.p,0,6845
SET479-6.p,16,420
SET428-6.p,0,6052
SET016-3.p,0,33337
SET534-6.p,0,6278
SET094-7.p,10,60
SET145-6.p,0,6197
SET062-7.p,5,28
SET781-1.p,0,17986
SET836-1.p,7,482
SET379-6.p,0,6218
SET394-6.p,0,6236
SET037-3.p,0,40873
SET414-6.p,0,6204
SET149-6.p,25,1290
SET101-6.p,9,65
SET843-1.p,0,13515
SET078-7.p,7,48
SET532-6.p,0,6825
SET820-2.p,12,12
SET038-4.p,0,33250
SET069-6.p,0,16027
SET153-6.p,12,430
SET410-6.p,0,5884
SET081-7.p,8,73
SET246-6.p,41,1959
SET517-6.p,54,376
SET266-6.p,0,7048
SET210-6.p,0,6940
SET561-6.p,0,6548
SET371-6.p,0,6852
SET053-6.p,14,90
SET180-6.p,0,6104
SET038-3.p,0,39424
SET168-6.p,16,64
SET252-6.p,10,192
SET122-7.p,0,6896
SET124-6.p,17,122
SET055-7.p,6,130
SET413-6.p,0,7730
SET067-7.p,30,366
SET032-6.p,0,6076
SET219-6.p,0,6105
SET526-6.p,0,6690
SET017-3.p,0,33997
SET020-4.p,0,33076
SET024-4.p,8,57
SET370-6.p,0,6453
SET446-6.p,0,6195
SET360-6.p,0,6811
SET839-1.p,0,12618
SET079-6.p,17,148
SET183-6.p,30,654
SET339-6.p,0,6276
SET857-1.p,0,13338
SET064-6.p,16,166
SET369-6.p,0,6050
SET845-1.p,13,2237
SET033-4.p,0,33182
SET217-6.p,0,6766
SET116-6.p,0,16129
SET781-2.p,0,32991
SET022-3.p,0,36853
SET282-6.p,0,6847
SET098-6.p,0,16107
SET372-6.p,0,6208
SET442-6.p,28,1262
SET099-6.p,0,16135
SET861-2.p,89,1832
SET229-6.p,0,6034
SET835-1.p,7,480
SET531-6.p,0,6834
SET847-2.p,24,22
SET838-1.p,12,410
SET057-6.p,11,41
SET416-6.p,0,6193
SET104-6.p,0,16075
SET126-6.p,76,1446
SET014-6.p,81,5838
SET230-6.p,78,2352
SET834-1.p,23,9722
SET527-6.p,0,6718
SET342-6.p,0,6197
SET031-4.p,0,33031
SET521-6.p,0,6437
SET535-6.p,0,6845
SET109-7.p,0,5526
SET366-6.p,0,5798
SET862-2.p,0,8776
SET824-2.p,4,3
SET080-7.p,7,37
SET567-6.p,0,6283
SET307-6.p,0,6189
SET407-6.p,0,6838
SET411-6.p,24,216
SET848-1.p,14,1264
SET373-6.p,0,6148
SET388-6.p,0,7138
SET201-6.p,39,1767
SET275-6.p,0,6101
SET829-2.p,7,6
SET118-7.p,7,118
SET096-6.p,27,406
SET524-6.p,0,6071
SET071-7.p,47,334
SET154-6.p,41,425
SET351-6.p,0,6288
SET330-6.p,0,6553
SET824-1.p,3,64
SET856-1.p,3,1
SET042-4.p,0,33461
SET503-6.p,68,1786
SET530-6.p,0,6881
SET011-1.p,38,260
SET515-6.p,0,6239
SET045-5.p,8,6
SET553-6.p,13,192
SET020-7.p,0,7102
SET786-1.p,8,5
SET102-6.p,9,73
SET030-6.p,0,6941
SET777-1.p,0,8
SET007-1.p,58,1090
SET047-5.p,17,20
SET354-6.p,0,6796
SET457-6.p,0,6907
SET462-6.p,0,6066
SET820-1.p,10,418
SET314-6.p,0,6002
SET391-6.p,0,7141
SET308-6.p,0,6852
SET137-6.p,44,230
SET062-6.p,14,158
SET119-7.p,0,6524
SET841-2.p,14,8
SET035-3.p,0,39132
SET501-6.p,0,5800
SET417-6.p,0,5872
SET539-6.p,0,6146
SET861-1.p,0,12862
SET397-6.p,0,6813
SET167-6.p,16,68
SET228-6.p,0,6689
SET060-7.p,8,29
SET858-1.p,0,13289
SET408-6.p,0,7108
SET148-6.p,18,410
SET020-6.p,0,14253
SET027-6.p,30,492
SET557-6.p,0,6144
SET352-6.p,0,6662
SET485-6.p,0,6161
SET327-6.p,0,6243
SET787-1.p,20,492
SET171-6.p,0,6850
SET423-6.p,0,6500
SET285-6.p,0,6668
SET015-3.p,0,34951
SET088-6.p,0,16015
SET132-6.p,101,1472
SET296-6.p,6,1
SET098-7.p,28,854
SET114-7.p,21,185
SET378-6.p,0,5800
SET469-6.p,0,7673
SET381-6.p,0,6612
SET050-6.p,16,82
SET064-7.p,7,32
SET396-6.p,0,6184
SET283-6.p,0,6275
SET451-6.p,12,192
SET030-3.p,0,38590
SET834-2.p,23,74
SET463-6.p,0,6198
SET184-6.p,10,96
SET321-6.p,0,6355
SET028-3.p,0,38583
SET267-6.p,0,6200
SET832-2.p,7,6
SET249-6.p,0,6157
SET200-6.p,0,16944
SET111-7.p,0,5446
SET025-7.p,7,1
SET089-7.p,0,9620
SET295-6.p,0,6193
SET006-1.p,10,16
SET058-7.p,11,41
SET039-3.p,0,40860
SET512-6.p,0,6782
SET077-7.p,5,1
SET406-6.p,0,6807
SET502-6.p,0,6084
SET395-6.p,0,6079
SET491-6.p,0,9169
SET250-6.p,0,6814
SET103-6.p,38,1266
SET471-6.p,0,7184
SET205-6.p,35,1968
SET840-2.p,33,48
SET141-6.p,0,16100
SET192-6.p,42,2124
SET231-6.p,12,287
SET860-1.p,0,12638
SET111-6.p,0,16111
SET021-3.p,0,34617
SET291-6.p,0,7266
SET830-2.p,23,62
SET319-6.p,0,6860
SET518-6.p,0,5874
SET110-6.p,0,15032
SET095-7.p,8,89
SET842-2.p,15,18
SET852-2.p,14,10
SET448-6.p,0,5935
SET270-6.p,0,5947
SET013-4.p,29,104
SET782-1.p,0,6195
SET831-1.p,0,12659
SET265-6.p,0,6076
SET203-6.p,18,109
SET025-6.p,7,1
SET825-2.p,15,9
SET333-6.p,0,12166
SET854-1.p,0,13288
SET289-6.p,0,11597
SET032-3.p,0,38361
SET237-6.p,0,6940
SET088-7.p,0,10300
SET054-7.p,4,1
SET344-6.p,0,6642
SET003-1.p,10,18
SET085-7.p,13,83
SET042-3.p,32,2906
SET350-6.p,0,6052
SET439-6.p,0,6194
SET036-6.p,0,7102
SET554-6.p,0,6393
SET193-6.p,19,332
SET848-2.p,14,11
SET458-6.p,0,6204
SET014-4.p,67,3658
SET862-1.p,0,13362
SET044-5.p,9,8
SET226-6.p,0,6206
SET039-4.p,0,33968
SET094-6.p,10,56
SET499-6.p,0,5910
SET034-4.p,0,33425
SET302-6.p,0,5928
SET460-6.p,0,5988
SET430-6.p,0,6050
SET487-6.p,0,6026
SET115-7.p,11,171
SET538-6.p,0,6851
SET232-6.p,16,2577
SET013-2.p,26,214
SET376-6.p,0,6278
SET345-6.p,0,6228
SET278-6.p,0,6725
SET024-7.p,7,37
SET826-1.p,7,480
SET009-1.p,33,98
SET029-4.p,0,33016
SET284-6.p,0,6156
SET186-6.p,22,338
SET070-6.p,0,16073
SET529-6.p,0,7330
SET199-6.p,30,988
SET172-6.p,0,6836
SET389-6.p,0,6196
SET482-6.p,0,5960
SET363-6.p,0,6998
SET190-6.p,82,1968
SET096-7.p,23,926
SET004-1.p,10,18
SET549-6.p,0,6881
SET143-6.p,0,6850
SET353-6.p,0,6520
SET450-6.p,0,6113
SET466-6.p,0,6189
SET560-6.p,0,6605
SET257-6.p,20,410
SET287-6.p,54,654
SET068-6.p,20,208
SET239-6.p,7,33
SET364-6.p,0,5632
SET013-1.p,17,188
SET467-6.p,0,6032
SET090-7.p,26,672
SET431-6.p,0,6852
SET506-6.p,32,130
SET323-6.p,0,6207
SET084-7.p,12,56
SET564-6.p,0,6316
SET842-1.p,0,12762
SET100-6.p,0,16057
SET233-6.p,16,2579
SET826-2.p,7,6
SET082-6.p,35,1268
SET827-2.p,7,6
SET565-6.p,0,7052
SET427-6.p,0,6006
SET110-7.p,0,5540
SET037-6.p,0,6060
SET380-6.p,0,7000
SET087-7.p,0,9440
SET542-6.p,0,6280
SET855-2.p,7,5
SET212-6.p,0,6812
SET073-7.p,7,41
SET173-6.p,55,3732
SET170-6.p,0,5800
SET073-6.p,15,152
SET067-6.p,20,208
SET818-1.p,3,285
SET085-6.p,13,53
SET114-6.p,0,15038
SET040-4.p,0,33129
SET194-6.p,45,2118
SET222-6.p,0,7036
SET277-6.p,0,6201
SET028-4.p,0,33049
SET080-6.p,13,58
SET507-6.p,18,188
SET054-6.p,4,1
SET151-6.p,31,334
SET074-7.p,9,41
SET139-6.p,0,16074
SET551-6.p,0,6040
SET033-3.p,0,38465
SET338-6.p,0,5998
SET434-6.p,0,6305
SET068-7.p,32,366
SET459-6.p,0,6849
SET436-6.p,0,5900
SET027-3.p,13,310
SET818-2.p,3,3
SET195-6.p,46,2120
SET292-6.p,0,6850
SET206-6.p,35,1964
SET259-6.p,0,7005
SET102-7.p,9,131
SET374-6.p,0,6373
SET005-1.p,70,296
SET025-3.p,7,1
SET018-7.p,13,831
SET218-6.p,0,5859
SET271-6.p,0,6585
SET015-1.p,17,186
SET091-6.p,0,16041
SET853-1.p,0,13220
SET041-3.p,12,2629
SET398-6.p,0,6847
SET240-6.p,13,203
SET383-6.p,0,6202
SET146-6.p,15,204
SET473-6.p,45,1863
SET105-6.p,0,16068
SET017-4.p,0,33910
SET520-6.p,0,6650
SET444-6.p,0,6416
SET438-6.p,0,6050
SET224-6.p,0,6208
SET031-3.p,0,38357
SET272-6.p,0,6033
SET290-6.p,0,6229
SET021-4.p,0,32932
SET855-1.p,9,480
SET839-2.p,16,17
SET533-6.p,0,6303
SET504-6.p,72,1886
SET083-6.p,12,60
SET509-6.p,0,6821
SET821-1.p,16,529
SET108-7.p,12,171
SET086-7.p,0,9734
SET216-6.p,0,6931
SET018-3.p,44,1274
SET849-2.p,8,6
SET027-7.p,30,534
SET144-6.p,18,558
SET056-7.p,10,41
SET174-6.p,0,6847
SET032-4.p,0,33070
SET356-6.p,0,6122
SET010-1.p,66,1004
SET118-6.p,7,52
SET315-6.p,0,6148
SET024-6.p,7,26
SET472-6.p,0,6293
SET548-6.p,0,6890
SET202-6.p,0,6238
SET075-6.p,34,160
SET093-6.p,7,18
SET169-6.p,0,6562
SET544-6.p,0,6288
SET433-6.p,0,6306
SET409-6.p,0,6318
SET429-6.p,0,6064
SET449-6.p,0,5876
SET461-6.p,0,6805
SET492-6.p,0,6990
SET850-1.p,7,753
SET841-1.p,14,691
SET253-6.p,10,194
SET109-6.p,0,14927
SET300-6.p,0,5839
SET780-1.p,0,17
SET040-6.p,0,6718
SET519-6.p,0,7489
SET401-6.p,0,6777
SET061-7.p,6,25
SET422-6.p,0,6275
SET012-3.p,0,34292
SET083-7.p,19,87
SET392-6.p,0,6045
SET294-6.p,0,6176
SET016-1.p,25,36
SET243-6.p,0,5800
SET478-6.p,0,6211
SET851-1.p,14,663
SET215-6.p,0,6800
SET084-6.p,12,51
SET496-6.p,0,6264
SET025-9.p,11,595
SET120-6.p,0,16109
SET349-6.p,0,6836
SET276-6.p,0,6200
SET390-6.p,0,6923
SET261-6.p,22,208
SET854-2.p,0,5424
SET041-6.p,0,6050
SET443-6.p,0,6087
SET454-6.p,17,355
SET176-6.p,0,6752
SET066-7.p,0,6613
SET819-1.p,3,300
SET324-6.p,0,7067
SET377-6.p,0,6808
SET175-6.p,54,2110
SET268-6.p,0,6075
SET281-6.p,0,6752
SET522-6.p,0,6322
SET453-6.p,0,6555
SET787-2.p,0,21689
SET112-6.p,0,16069
SET863-1.p,0,13070
SET851-2.p,14,9
SET108-6.p,12,93
SET536-6.p,0,6900
SET066-6.p,0,16133
SET072-7.p,26,134
SET335-6.p,0,6217
SET116-7.p,16,175
SET498-6.p,0,6292
SET441-6.p,0,6790
SET123-6.p,26,252
SET468-6.p,43,1871
SET016-6.p,70,1536
SET318-6.p,0,6138
SET455-6.p,0,6426
SET021-6.p,0,14371
SET309-6.p,0,6843
SET516-6.p,52,226
SET827-1.p,7,484
SET465-6.p,0,5994
SET063-7.p,7,43
SET075-7.p,35,2372
SET857-2.p,57,78
SET112-7.p,0,5366
SET421-6.p,0,6177
SET558-6.p,9,75
SET065-7.p,9,68
SET311-6.p,0,6908
SET012-4.p,25,62
SET355-6.p,0,6262
SET251-6.p,0,6275
SET288-6.p,0,5948
SET367-6.p,0,6256
SET334-6.p,0,12511
SET329-6.p,0,6925
SET280-6.p,0,6570
SET008-1.p,13,53
SET012-1.p,17,72
SET024-3.p,8,59
SET475-6.p,0,6308
SET165-6.p,47,1952
SET474-6.p,0,6240
SET086-6.p,0,16180
SET510-6.p,64,1766
SET833-1.p,7,482
SET420-6.p,0,6674
SET097-6.p,0,16114
SET063-6.p,15,164
SET220-6.p,0,6204
SET511-6.p,67,1766
SET056-6.p,10,41
SET846-1.p,9,1280
SET036-4.p,0,33673
SET155-6.p,29,1954
SET255-6.p,0,5843
SET134-6.p,42,224
SET046-5.p,8,5
SET541-6.p,0,5998
SET121-6.p,0,16143
SET384-6.p,0,6208
SET092-7.p,0,4078
SET097-7.p,0,4098
SET273-6.p,0,6190
SET076-6.p,14,348
SET065-6.p,9,56
SET225-6.p,0,5798
SET513-6.p,0,6757
SET033-6.p,0,6726
SET057-7.p,11,41
SET299-6.p,0,6850
SET362-6.p,0,5897
SET328-6.p,0,6266
SET310-6.p,0,6846
SET078-6.p,7,34
SET550-6.p,0,6002
SET829-1.p,7,484
SET779-1.p,0,19
SET562-6.p,0,6858
SET358-6.p,0,6198
SET015-4.p,61,292
SET158-6.p,7,22
SET359-6.p,0,5798
SET403-6.p,0,6206
SET559-6.p,0,6594
SET844-2.p,12,9
SET002-6.p,42,1956
SET525-6.p,0,6196
SET566-6.p,0,6668
SET425-6.p,0,7222
SET305-6.p,0,6190
SET828-1.p,7,480
SET125-6.p,19,122
SET331-6.p,0,6752
SET357-6.p,0,6766
SET030-4.p,0,32678
SET019-3.p,17,2928
SET035-4.p,0,33353
SET052-6.p,14,84
SET320-6.p,0,6864
SET337-6.p,0,6194
SET018-6.p,0,16447
SET070-7.p,0,6847
SET552-6.p,0,6744
SET385-6.p,0,6766
SET182-6.p,0,5934
SET341-6.p,0,6094
SET177-6.p,0,6059
SET256-6.p,0,15750
SET025-4.p,7,1
SET387-6.p,0,6444
SET493-6.p,0,6201
SET540-6.p,0,6119
SET185-6.p,57,2126
SET227-6.p,0,5924
SET298-6.p,0,6103
SET435-6.p,0,6332
SET301-6.p,0,7142
SET258-6.p,0,8687
SET488-6.p,0,6668
SET858-2.p,22,32
SET456-6.p,0,6422
SET483-6.p,0,6215
SET840-1.p,0,12914
SET238-6.p,21,115
SET035-6.p,0,6174
SET095-6.p,13,188
SET489-6.p,0,6096
SET221-6.p,0,6775
SET264-6.p,0,14884
SET470-6.p,0,6043
SET837-1.p,0,12712
SET361-6.p,0,6744
SET312-6.p,0,6847
SET440-6.p,0,6750
SET214-6.p,0,6843
SET547-6.p,0,6831
SET023-3.p,0,36846
SET093-7.p,7,26
SET245-6.p,17,204
SET191-6.p,53,1995
SET833-2.p,7,6
SET850-2.p,7,8
SET286-6.p,0,6646
SET821-2.p,26,33
SET119-6.p,0,16117
SET864-2.p,14,10
SET188-6.p,56,1224
SET778-1.p,0,18
SET059-6.p,10,41
SET254-6.p,38,1074
SET340-6.p,0,6196
SET163-6.p,42,334
SET831-2.p,96,128
SET001-1.p,9,16
SET213-6.p,0,5820
SET260-6.p,80,2802
SET400-6.p,0,6010
SET447-6.p,0,5983
SET061-6.p,11,146
SET235-6.p,18,4241
SET197-6.p,8,194
SET060-6.p,8,29
SET336-6.p,0,6746
SET269-6.p,0,6082
SET402-6.p,0,6082
SET819-2.p,3,3
SET179-6.p,0,6204
SET852-1.p,0,12808
SET262-6.p,0,6570
SET405-6.p,0,11660
SET244-6.p,24,648
SET490-6.p,0,5550
SET204-6.p,18,109
SET343-6.p,0,6176
SET087-6.p,0,16223
SET484-6.p,0,5918
SET825-1.p,15,732
SET138-6.p,17,218
SET122-6.p,0,16085
SET494-6.p,0,5796
SET415-6.p,0,6086
SET100-7.p,0,4151
SET347-6.p,44,1967
SET846-2.p,9,8
SET089-6.p,0,16090
SET041-4.p,0,33955
SET849-1.p,8,775
SET843-2.p,27,29
SET209-6.p,0,13174
SET313-6.p,0,6054
SET325-6.p,0,6228
SET297-6.p,0,6110
SET133-6.p,0,17009
SET546-6.p,0,8523
SET055-6.p,9,128
SET563-6.p,14,87
SET445-6.p,0,6248
SET082-7.p,8,96
SET864-1.p,14,2094
SET317-6.p,0,6102
SET130-6.p,17,214
SET382-6.p,26,668
SET140-6.p,0,16144
SET486-6.p,0,6049
SET038-6.p,0,6745
SET058-6.p,11,41
SET477-6.p,0,5914
SET025-8.p,11,619
SET034-3.p,0,38570
SET332-6.p,0,6002
SET523-6.p,0,7001
SET856-2.p,3,1
SET152-6.p,11,176
SET500-6.p,0,5792
SET012-2.p,34,2036
SET072-6.p,26,102
SET117-7.p,17,129
SET545-6.p,0,6275
SET115-6.p,0,16111
SET207-6.p,0,6908
SET131-6.p,100,1472
SET090-6.p,0,16168
SET399-6.p,0,6059
SET393-6.p,0,6196
SET263-6.p,0,6742
SET326-6.p,0,6274
SET142-6.p,0,16161
SET481-6.p,0,6555
SET419-6.p,0,6658
SET556-6.p,0,6166
SET830-1.p,23,9674
SET248-6.p,0,6197
SET077-6.p,5,1
SET043-5.p,4,3
SET159-6.p,0,6052
SET113-6.p,0,15180
SET316-6.p,0,5792
SET865-1.p,17,2363
SET234-6.p,15,290
SET091-7.p,0,3326
SET863-2.p,50,206
SET495-6.p,0,6438
SET129-6.p,0,16286
SET437-6.p,0,6798
SET166-6.p,20,183
SET847-1.p,0,12738
SET113-7.p,10,183
SET019-4.p,17,2926
SET135-6.p,0,16139
SET017-6.p,26,88
SET208-6.p,0,13230
SET021-7.p,0,7094
SET120-7.p,0,6508
SET274-6.p,0,6081
SET844-1.p,12,2323
SET018-1.p,36,42
SET304-6.p,0,6728
SET020-3.p,0,32215
SET845-2.p,13,13
SET480-6.p,0,6242
SET181-6.p,0,6198
SET036-3.p,0,40033
SET178-6.p,0,6104
SET346-6.p,0,6289
SET150-6.p,27,1954
SET127-6.p,0,16104
SET404-6.p,0,5905
SET426-6.p,0,5800
SET147-6.p,22,648
SET514-6.p,0,6185
SET375-6.p,0,6311
SET306-6.p,0,6204
SET105-7.p,20,81
SET037-4.p,0,34228
SET027-4.p,13,294
SET103-7.p,15,53
SET537-6.p,0,6144
SET013-3.p,29,3100
SET016-7.p,13,825
SET196-6.p,8,192
SET160-6.p,20,538
SET081-6.p,8,49
SET838-2.p,12,7
SET236-6.p,19,4676
SET452-6.p,0,6233
SET412-6.p,0,7170
SET528-6.p,0,6050
SET034-6.p,0,6333
SET015-2.p,26,212
SET017-7.p,26,114
SET002-1.p,19,28
SET555-6.p,0,9999
SET432-6.p,0,6748
SET014-2.p,16,581
SET322-6.p,0,6700
SET859-1.p,7,761
SET071-6.p,0,16055
SET121-7.p,0,6852
SET508-6.p,0,7016
SET241-6.p,13,203
SET156-6.p,30,1952
SET859-2.p,7,7
SET117-6.p,9,75
SET822-2.p,12,14
SET189-6.p,59,1334
SET076-7.p,14,696
SET386-6.p,12,198
SET161-6.p,0,6783
SET023-4.p,0,33524
SET424-6.p,0,6070
SET832-1.p,7,480
